user_id,first_name,last_name,email,city,state,date_joined
1,Megan,Chang,gwilliams@example.com,Hullport,New Mexico,2019-05-20
2,Brandy,Odonnell,juancampos@example.net,Vanessaside,Virginia,2019-11-11
3,Carolyn,Thomas,blairrachel@example.net,Thomasville,Minnesota,2019-06-18
4,Leslie,Bowman,tammywoods@example.net,Bryanside,Alabama,2019-02-06
5,Jennifer,Ross,salazarmaria@example.com,Lake Mark,California,2019-03-16
6,Sally,Walker,lindawest@example.org,Nancyfort,Connecticut,2019-04-28
7,Andrea,Mann,lisa83@example.net,Seanfurt,Massachusetts,2019-08-12
8,John,White,antoniozavala@example.com,Jonesberg,Georgia,2019-12-25
9,Benjamin,Miller,hmassey@example.com,Port Jason,Utah,2019-08-18
10,Marcia,Barnes,shannon51@example.com,South Brendamouth,Illinois,2019-04-05
11,Allen,Nelson,nathanjackson@example.com,North Kristabury,Arizona,2019-11-14
12,Audrey,Kent,johnsoncynthia@example.net,South Christopherville,Arizona,2019-08-24
13,Andrew,Woodward,jennifermendoza@example.net,Lake Andrewchester,South Carolina,2019-02-09
14,Mary,Jones,lucasmichael@example.org,New Tannerville,Vermont,2019-06-01
15,James,Howard,kmassey@example.org,Port Brian,Utah,2019-03-03
16,Megan,Peterson,david72@example.org,Maldonadoshire,North Carolina,2019-12-23
17,Larry,Howard,eric07@example.net,West Joanneside,Louisiana,2019-02-22
18,John,Benton,chelsea59@example.net,Lake Kyle,West Virginia,2019-06-10
19,Maria,Miller,hollymoore@example.org,Grayshire,Nebraska,2019-01-13
20,Richard,Miles,tbarton@example.org,South Caleb,Vermont,2019-03-03
21,Sean,Dyer,hensontroy@example.com,Williamschester,Illinois,2019-08-02
22,Yvonne,Schultz,monroedavid@example.org,Herringchester,Massachusetts,2019-01-02
23,Jason,Love,bairdemma@example.net,East Davidborough,Maryland,2019-04-19
24,Haley,White,znash@example.net,North Joshuamouth,Delaware,2019-12-01
25,Jonathan,Valdez,darin24@example.org,North Jamieview,Oklahoma,2019-05-03
26,Stacey,Mays,mathissusan@example.net,Josephmouth,South Dakota,2019-06-19
27,Nathan,Medina,nicholascarter@example.org,West Mathew,Mississippi,2019-10-07
28,Clayton,Chan,williamsfrank@example.net,Michaelside,Florida,2019-04-24
29,Danny,Cross,parkermelody@example.net,West Richardmouth,Maryland,2019-06-11
30,Daniel,Hoffman,zwells@example.com,South Darrenfort,Nevada,2019-01-15
31,Kevin,Navarro,samanthasims@example.com,North Lindseyborough,West Virginia,2019-03-27
32,Bruce,Smith,shawkins@example.com,Kramerborough,Nevada,2019-02-02
33,Micheal,Hinton,brenda26@example.org,Dannytown,North Dakota,2019-06-25
34,Karen,Harris,nsanders@example.net,Port Jasonberg,Connecticut,2019-03-18
35,Stephen,Ward,danielcarlson@example.com,New Richard,Utah,2019-06-14
36,Natalie,Simpson,martha73@example.net,North Matthew,West Virginia,2019-12-16
37,Lucas,Morris,nancymorrison@example.org,Aguilarfort,California,2019-11-07
38,Christopher,Melton,jonesdavid@example.com,Port Meganmouth,Hawaii,2019-11-07
39,Eduardo,Douglas,william88@example.org,Lake Laurahaven,Wisconsin,2019-08-22
40,Vicki,Burgess,keithsantana@example.com,Brucefurt,Rhode Island,2019-08-16
41,Jesus,Hancock,sandovalaaron@example.org,Williamview,Michigan,2019-01-26
42,Trevor,Green,kendra66@example.org,Lake Selena,Kansas,2019-04-22
43,Jessica,Cook,olsondonald@example.net,Lake Hollystad,Nebraska,2019-01-14
44,Cheryl,Hughes,garciakimberly@example.org,New Christinamouth,Connecticut,2019-09-29
45,Andrea,Reed,xlogan@example.com,North Chelseamouth,South Carolina,2019-09-03
46,Sarah,Santos,kristina26@example.com,New Michelleborough,Arizona,2019-10-31
47,Philip,Watson,stanleyclarke@example.org,North Toddtown,North Dakota,2019-09-16
48,Ashley,Liu,claytonweiss@example.net,Hunterville,Georgia,2019-06-15
49,Patricia,Henderson,wallsrobert@example.org,Ayalatown,New Hampshire,2019-06-17
50,Gina,Johnson,jennifer15@example.org,West Heatherstad,Minnesota,2019-03-11
51,Alejandro,Mccann,chad23@example.org,Lake Emily,Delaware,2019-10-18
52,Adrian,Wood,cantujesse@example.org,South Daniel,Minnesota,2019-10-02
53,Susan,Anderson,michaelkennedy@example.com,Sharonside,South Dakota,2019-05-07
54,Jack,Kaiser,fergusonkyle@example.com,East Linda,Massachusetts,2019-07-17
55,John,Fischer,nathan02@example.net,South Christianland,Florida,2019-06-13
56,Kevin,Butler,brittanyevans@example.com,East Seanstad,South Dakota,2019-07-25
57,Brian,Ortiz,uhayden@example.com,West Kelly,New Mexico,2019-02-05
58,Stephanie,Hogan,daniel92@example.net,Hebertburgh,Wyoming,2019-06-13
59,Ryan,Wright,hpeterson@example.org,Stevenland,New Mexico,2019-10-21
60,James,Smith,amontgomery@example.org,Dannyport,Ohio,2019-08-25
61,Eric,Mccarthy,fdavis@example.org,Ramireztown,Delaware,2019-04-15
62,Nicole,Williams,raymond96@example.com,Lake Johnnyport,Wisconsin,2019-09-19
63,Regina,Larson,jonesjose@example.net,Davidbury,Wisconsin,2019-03-05
64,Carlos,Callahan,april98@example.net,New Daniel,South Dakota,2019-07-31
65,Richard,Osborne,kelly59@example.net,East David,Delaware,2019-05-29
66,Richard,Mcdonald,michael76@example.org,Burnshaven,Massachusetts,2019-07-11
67,Denise,Brown,douglas70@example.net,North Michael,Montana,2019-12-12
68,Victoria,Mathis,mcdanielchristopher@example.net,Smithton,Delaware,2019-08-30
69,Adam,Nelson,jessica32@example.net,Jameschester,New Jersey,2019-10-06
70,Mark,Jackson,rwong@example.com,South Sarah,Georgia,2019-07-23
71,Leslie,Clark,seanclarke@example.com,Romanfurt,Washington,2019-03-27
72,Laura,Gonzales,brendawilliams@example.com,East Cynthiaburgh,Mississippi,2019-01-23
73,Julia,Byrd,cherylsalazar@example.net,Kelseystad,Nebraska,2019-06-27
74,Brian,Terry,fcarpenter@example.com,Lewisview,Arizona,2019-01-18
75,Brian,Bailey,diamond21@example.com,New Randy,Iowa,2019-06-26
76,James,Franklin,nortonmarcus@example.com,Jonathanhaven,Arizona,2019-03-15
77,Miguel,Clark,jacob34@example.net,Larryfurt,Kentucky,2019-07-07
78,Maurice,Marquez,torresandrea@example.org,Simpsonmouth,Arkansas,2019-12-23
79,Lisa,Werner,falexander@example.org,North Margaret,Georgia,2019-06-10
80,Nicole,Lewis,meyersangelica@example.com,East Johnbury,Florida,2019-11-23
81,Monica,Michael,virginia18@example.com,Lake Kenneth,New Hampshire,2019-07-19
82,Cassandra,Herrera,joseph01@example.net,East Jessicabury,Indiana,2019-04-21
83,Nichole,Osborn,harmonzachary@example.org,South Deannaville,West Virginia,2019-08-08
84,Michael,Leonard,jeffrey31@example.net,Emilybury,Mississippi,2019-09-02
85,Timothy,Perkins,lisatran@example.com,Brendatown,Florida,2019-12-07
86,Randall,Daugherty,taylorjamie@example.com,East Jessica,Iowa,2019-10-23
87,Patrick,Franklin,cristinalester@example.org,New Caitlinfort,New Jersey,2019-04-30
88,Alexander,Robinson,donnasimpson@example.net,Payneland,Kentucky,2019-02-23
89,Cassandra,Warner,kristen60@example.org,West Jessicabury,Michigan,2019-12-02
90,Scott,Swanson,jordanpowers@example.com,West Ashleyton,Washington,2019-09-02
91,Edward,Johnson,johnsonbrady@example.org,Carlton,Minnesota,2019-09-15
92,Roberto,Stafford,shanethomas@example.com,Lake Mark,West Virginia,2019-06-08
93,Patrick,Ortiz,amanda70@example.net,South Stephanieburgh,Alabama,2019-07-14
94,Devon,Melton,christopheryoung@example.org,North Sue,Hawaii,2019-10-16
95,Kristin,Sutton,jennifersimmons@example.net,New Courtneyberg,South Carolina,2019-08-22
96,Billy,Peterson,cjohnson@example.com,West Kellyberg,New Jersey,2019-04-02
97,William,Martin,zmorgan@example.com,Smithhaven,Maine,2019-08-02
98,Taylor,Johnson,sarah07@example.com,South Michaelton,Alaska,2019-04-17
99,Jody,Johnson,wanda38@example.net,Paulview,Indiana,2019-02-15
100,Ashlee,Rivera,brendacortez@example.net,Franciscoberg,Michigan,2019-11-25
